	Dim 1	Dim 2
BKE	-1.68001904369317	-0.542378755551292
BON	0.0834993063586841	-0.28725334950331
IGD	0.579116234540194	0.0176772661988581
IMB	0.39923059555142	-0.26651324731651
ING	0.754155090484457	-0.326630655597027
LOK	-0.286228370714557	2.30768325785229
LUS	-0.122454217295086	-0.107793444878821
MON	-1.09975609836664	-0.200954976738742
YET	-0.674340086169837	-0.194780809814337
